User agent|Software|Software Type|Hardware Type|Popularity
Mozilla/5.0 (X11; CrOS x86_64 13310.76.0) AppleWebKit/537.36 (KHTML, like Gecko) Chrome/85.0.4183.108 Safari/537.36|Chrome 85|Web Browser|Computer|Very common
Mozilla/5.0 (X11; CrOS x86_64 11895.118.0) AppleWebKit/537.36 (KHTML, like Gecko) Chrome/74.0.3729.159 Safari/537.36|Chrome 74|Web Browser|Computer|Very common
Mozilla/5.0 (X11; CrOS x86_64 12239.92.0) AppleWebKit/537.36 (KHTML, like Gecko) Chrome/76.0.3809.136 Safari/537.36|Chrome 76|Web Browser|Computer|Very common
Mozilla/5.0 (X11; CrOS x86_64 13099.110.0) AppleWebKit/537.36 (KHTML, like Gecko) Chrome/84.0.4147.136 Safari/537.36|Chrome 84|Web Browser|Computer|Very common
Mozilla/5.0 (X11; CrOS x86_64 13099.102.0) AppleWebKit/537.36 (KHTML, like Gecko) Chrome/84.0.4147.127 Safari/537.36|Chrome 84|Web Browser|Computer|Very common
Mozilla/5.0 (X11; CrOS x86_64 13020.87.0) AppleWebKit/537.36 (KHTML, like Gecko) Chrome/83.0.4103.119 Safari/537.36|Chrome 83|Web Browser|Computer|Very common
Mozilla/5.0 (X11; CrOS x86_64 12871.102.0) AppleWebKit/537.36 (KHTML, like Gecko) Chrome/81.0.4044.141 Safari/537.36|Chrome 81|Web Browser|Computer|Very common
Mozilla/5.0 (X11; CrOS x86_64 12499.66.0) AppleWebKit/537.36 (KHTML, like Gecko) Chrome/78.0.3904.106 Safari/537.36|Chrome 78|Web Browser|Computer|Very common
Mozilla/5.0 (X11; CrOS x86_64 13310.59.0) AppleWebKit/537.36 (KHTML, like Gecko) Chrome/85.0.4183.84 Safari/537.36|Chrome 85|Web Browser|Computer|Very common
Mozilla/5.0 (X11; CrOS x86_64 12739.111.0) AppleWebKit/537.36 (KHTML, like Gecko) Chrome/80.0.3987.162 Safari/537.36|Chrome 80|Web Browser|Computer|Very common
Mozilla/5.0 (X11; CrOS x86_64 12607.82.0) AppleWebKit/537.36 (KHTML, like Gecko) Chrome/79.0.3945.123 Safari/537.36|Chrome 79|Web Browser|Computer|Very common
Mozilla/5.0 (X11; CrOS x86_64 13099.85.0) AppleWebKit/537.36 (KHTML, like Gecko) Chrome/84.0.4147.110 Safari/537.36|Chrome 84|Web Browser|Computer|Very common
Mozilla/5.0 (X11; CrOS x86_64 12607.58.0) AppleWebKit/537.36 (KHTML, like Gecko) Chrome/79.0.3945.86 Safari/537.36|Chrome 79|Web Browser|Computer|Very common
Mozilla/5.0 (X11; CrOS x86_64 12607.81.0) AppleWebKit/537.36 (KHTML, like Gecko) Chrome/79.0.3945.119 Safari/537.36|Chrome 79|Web Browser|Computer|Very common
Mozilla/5.0 (X11; CrOS x86_64 12105.100.0) AppleWebKit/537.36 (KHTML, like Gecko) Chrome/75.0.3770.144 Safari/537.36|Chrome 75|Web Browser|Computer|Very common
Mozilla/5.0 (X11; CrOS x86_64 11895.95.0) AppleWebKit/537.36 (KHTML, like Gecko) Chrome/74.0.3729.125 Safari/537.36|Chrome 74|Web Browser|Computer|Very common
Mozilla/5.0 (X11; CrOS x86_64 12739.105.0) AppleWebKit/537.36 (KHTML, like Gecko) Chrome/80.0.3987.158 Safari/537.36|Chrome 80|Web Browser|Computer|Very common
Mozilla/5.0 (X11; CrOS x86_64 12371.75.0) AppleWebKit/537.36 (KHTML, like Gecko) Chrome/77.0.3865.105 Safari/537.36|Chrome 77|Web Browser|Computer|Very common
Mozilla/5.0 (X11; CrOS x86_64 12871.76.0) AppleWebKit/537.36 (KHTML, like Gecko) Chrome/81.0.4044.103 Safari/537.36|Chrome 81|Web Browser|Computer|Very common
Mozilla/5.0 (X11; CrOS x86_64 12739.94.0) AppleWebKit/537.36 (KHTML, like Gecko) Chrome/80.0.3987.137 Safari/537.36|Chrome 80|Web Browser|Computer|Very common
Mozilla/5.0 (X11; CrOS x86_64 12871.91.0) AppleWebKit/537.36 (KHTML, like Gecko) Chrome/81.0.4044.127 Safari/537.36|Chrome 81|Web Browser|Computer|Very common
Mozilla/5.0 (X11; CrOS x86_64 13099.72.0) AppleWebKit/537.36 (KHTML, like Gecko) Chrome/84.0.4147.94 Safari/537.36|Chrome 84|Web Browser|Computer|Very common
Mozilla/5.0 (X11; CrOS x86_64 11021.81.0) AppleWebKit/537.36 (KHTML, like Gecko) Chrome/70.0.3538.110 Safari/537.36|Chrome 70|Web Browser|Computer|Very common
Mozilla/5.0 (X11; CrOS x86_64 12499.51.0) AppleWebKit/537.36 (KHTML, like Gecko) Chrome/78.0.3904.92 Safari/537.36|Chrome 78|Web Browser|Computer|Very common
Mozilla/5.0 (X11; CrOS x86_64 12871.67.0) AppleWebKit/537.36 (KHTML, like Gecko) Chrome/81.0.4044.94 Safari/537.36|Chrome 81|Web Browser|Computer|Common
Mozilla/5.0 (X11; CrOS armv7l 12105.100.0) AppleWebKit/537.36 (KHTML, like Gecko) Chrome/75.0.3770.144 Safari/537.36|Chrome 75|Web Browser|Computer|Common
Mozilla/5.0 (X11; CrOS x86_64 13020.67.0) AppleWebKit/537.36 (KHTML, like Gecko) Chrome/83.0.4103.97 Safari/537.36|Chrome 83|Web Browser|Computer|Common
Mozilla/5.0 (X11; CrOS x86_64 13020.82.0) AppleWebKit/537.36 (KHTML, like Gecko) Chrome/83.0.4103.112 Safari/537.36|Chrome 83|Web Browser|Computer|Common
Mozilla/5.0 (X11; CrOS x86_64 12239.67.0) AppleWebKit/537.36 (KHTML, like Gecko) Chrome/76.0.3809.102 Safari/537.36|Chrome 76|Web Browser|Computer|Common
Mozilla/5.0 (X11; CrOS x86_64 11021.56.0) AppleWebKit/537.36 (KHTML, like Gecko) Chrome/70.0.3538.76 Safari/537.36|Chrome 70|Web Browser|Computer|Common
Mozilla/5.0 (X11; CrOS x86_64 10895.78.0) AppleWebKit/537.36 (KHTML, like Gecko) Chrome/69.0.3497.120 Safari/537.36|Chrome 69|Web Browser|Computer|Common
Mozilla/5.0 (X11; CrOS x86_64 11316.165.0) AppleWebKit/537.36 (KHTML, like Gecko) Chrome/72.0.3626.122 Safari/537.36|Chrome 72|Web Browser|Computer|Common
Mozilla/5.0 (X11; CrOS x86_64 12105.90.0) AppleWebKit/537.36 (KHTML, like Gecko) Chrome/75.0.3770.129 Safari/537.36|Chrome 75|Web Browser|Computer|Common
Mozilla/5.0 (X11; CrOS x86_64 11647.104.0) AppleWebKit/537.36 (KHTML, like Gecko) Chrome/73.0.3683.88 Safari/537.36|Chrome 73|Web Browser|Computer|Common
Mozilla/5.0 (X11; CrOS x86_64 11895.21.0) AppleWebKit/537.36 (KHTML, like Gecko) Chrome/74.0.3729.141 Safari/537.36|Chrome 74|Web Browser|Computer|Common
Mozilla/5.0 (X11; CrOS x86_64 11647.154.0) AppleWebKit/537.36 (KHTML, like Gecko) Chrome/73.0.3683.114 Safari/537.36|Chrome 73|Web Browser|Computer|Common
Mozilla/5.0 (X11; CrOS x86_64 10575.58.0) AppleWebKit/537.36 (KHTML, like Gecko) Chrome/67.0.3396.99 Safari/537.36|Chrome 67|Web Browser|Computer|Common
Mozilla/5.0 (X11; CrOS x86_64 12239.92.1) AppleWebKit/537.36 (KHTML, like Gecko) Chrome/76.0.3809.136 Safari/537.36|Chrome 76|Web Browser|Computer|Common
Mozilla/5.0 (X11; CrOS x86_64 13310.91.0) AppleWebKit/537.36 (KHTML, like Gecko) Chrome/85.0.4183.131 Safari/537.36|Chrome 85|Web Browser|Computer|Common
Mozilla/5.0 (X11; CrOS armv7l 12499.66.0) AppleWebKit/537.36 (KHTML, like Gecko) Chrome/78.0.3904.106 Safari/537.36|Chrome 78|Web Browser|Computer|Common
Mozilla/5.0 (X11; CrOS x86_64 12105.75.0) AppleWebKit/537.36 (KHTML, like Gecko) Chrome/75.0.3770.102 Safari/537.36|Chrome 75|Web Browser|Computer|Common
Mozilla/5.0 (X11; CrOS aarch64 12607.82.0) AppleWebKit/537.36 (KHTML, like Gecko) Chrome/79.0.3945.123 Safari/537.36|Chrome 79|Web Browser|Computer|Common
Mozilla/5.0 (X11; CrOS x86_64 12371.89.0) AppleWebKit/537.36 (KHTML, like Gecko) Chrome/77.0.3865.120 Safari/537.36|Chrome 77|Web Browser|Computer|Common
Mozilla/5.0 (X11; CrOS x86_64 11151.113.0) AppleWebKit/537.36 (KHTML, like Gecko) Chrome/71.0.3578.127 Safari/537.36|Chrome 71|Web Browser|Computer|Common
Mozilla/5.0 (X11; CrOS x86_64 10032.86.0) AppleWebKit/537.36 (KHTML, like Gecko) Chrome/63.0.3239.140 Safari/537.36|Chrome 63|Web Browser|Computer|Common
Mozilla/5.0 (X11; CrOS armv7l 12371.89.0) AppleWebKit/537.36 (KHTML, like Gecko) Chrome/77.0.3865.120 Safari/537.36|Chrome 77|Web Browser|Computer|Common
Mozilla/5.0 (X11; CrOS x86_64 10718.88.2) AppleWebKit/537.36 (KHTML, like Gecko) Chrome/68.0.3440.118 Safari/537.36|Chrome 68|Web Browser|Computer|Common
Mozilla/5.0 (X11; CrOS x86_64 9901.77.0) AppleWebKit/537.36 (KHTML, like Gecko) Chrome/62.0.3202.97 Safari/537.36|Chrome 62|Web Browser|Computer|Common
Mozilla/5.0 (X11; CrOS aarch64 13099.110.0) AppleWebKit/537.36 (KHTML, like Gecko) Chrome/84.0.4147.136 Safari/537.36|Chrome 84|Web Browser|Computer|Common
Mozilla/5.0 (X11; CrOS x86_64 12739.87.0) AppleWebKit/537.36 (KHTML, like Gecko) Chrome/80.0.3987.128 Safari/537.36|Chrome 80|Web Browser|Computer|Common
Mozilla/5.0 (X11; CrOS x86_64 10323.67.9) AppleWebKit/537.36 (KHTML, like Gecko) Chrome/65.0.3325.209 Safari/537.36|Chrome 65|Web Browser|Computer|Common
Mozilla/5.0 (X11; CrOS aarch64 13310.76.0) AppleWebKit/537.36 (KHTML, like Gecko) Chrome/85.0.4183.108 Safari/537.36|Chrome 85|Web Browser|Computer|Common
Mozilla/5.0 (X11; CrOS x86_64 11151.59.0) AppleWebKit/537.36 (KHTML, like Gecko) Chrome/71.0.3578.94 Safari/537.36|Chrome 71|Web Browser|Computer|Common
Mozilla/5.0 (X11; CrOS x86_64 10895.56.0) AppleWebKit/537.36 (KHTML, like Gecko) Chrome/69.0.3497.95 Safari/537.36|Chrome 69|Web Browser|Computer|Common
Mozilla/5.0 (X11; CrOS x86_64 13310.93.0) AppleWebKit/537.36 (KHTML, like Gecko) Chrome/85.0.4183.133 Safari/537.36|Chrome 85|Web Browser|Computer|Common
Mozilla/5.0 (X11; CrOS aarch64 13020.87.0) AppleWebKit/537.36 (KHTML, like Gecko) Chrome/83.0.4103.119 Safari/537.36|Chrome 83|Web Browser|Computer|Common
Mozilla/5.0 (X11; CrOS armv7l 9592.96.0) AppleWebKit/537.36 (KHTML, like Gecko) Chrome/60.0.3112.114 Safari/537.36|Chrome 60|Web Browser|Computer|Common
Mozilla/5.0 (X11; CrOS x86_64 10323.67.0) AppleWebKit/537.36 (KHTML, like Gecko) Chrome/65.0.3325.209 Safari/537.36|Chrome 65|Web Browser|Computer|Common
Mozilla/5.0 (X11; CrOS aarch64 13099.85.0) AppleWebKit/537.36 (KHTML, like Gecko) Chrome/84.0.4147.110 Safari/537.36|Chrome 84|Web Browser|Computer|Common
Mozilla/5.0 (X11; CrOS aarch64 12499.66.0) AppleWebKit/537.36 (KHTML, like Gecko) Chrome/78.0.3904.106 Safari/537.36|Chrome 78|Web Browser|Computer|Common
Mozilla/5.0 (X11; CrOS x86_64 10176.76.0) AppleWebKit/537.36 (KHTML, like Gecko) Chrome/64.0.3282.190 Safari/537.36|Chrome 64|Web Browser|Computer|Common
Mozilla/5.0 (X11; CrOS x86_64 12371.89.1) AppleWebKit/537.36 (KHTML, like Gecko) Chrome/77.0.3865.120 Safari/537.36|Chrome 77|Web Browser|Computer|Common
Mozilla/5.0 (X11; CrOS x86_64 12239.67.1) AppleWebKit/537.36 (KHTML, like Gecko) Chrome/76.0.3809.102 Safari/537.36|Chrome 76|Web Browser|Computer|Common
Mozilla/5.0 (X11; CrOS x86_64 9592.96.0) AppleWebKit/537.36 (KHTML, like Gecko) Chrome/60.0.3112.114 Safari/537.36|Chrome 60|Web Browser|Computer|Common
Mozilla/5.0 (X11; CrOS aarch64 12371.75.0) AppleWebKit/537.36 (KHTML, like Gecko) Chrome/77.0.3865.105 Safari/537.36|Chrome 77|Web Browser|Computer|Common
Mozilla/5.0 (X11; CrOS aarch64 12871.102.0) AppleWebKit/537.36 (KHTML, like Gecko) Chrome/81.0.4044.141 Safari/537.36|Chrome 81|Web Browser|Computer|Common
Mozilla/5.0 (X11; CrOS aarch64 13099.102.0) AppleWebKit/537.36 (KHTML, like Gecko) Chrome/84.0.4147.127 Safari/537.36|Chrome 84|Web Browser|Computer|Common
Mozilla/5.0 (X11; CrOS x86_64 7262.57.0) AppleWebKit/537.36 (KHTML, like Gecko) Chrome/45.0.2454.98 Safari/537.36|Chrome 45|Web Browser|Computer|Common
Mozilla/5.0 (X11; CrOS armv7l 13099.110.0) AppleWebKit/537.36 (KHTML, like Gecko) Chrome/84.0.4147.136 Safari/537.36|Chrome 84|Web Browser|Computer|Common
Mozilla/5.0 (X11; CrOS aarch64 12739.111.0) AppleWebKit/537.36 (KHTML, like Gecko) Chrome/80.0.3987.162 Safari/537.36|Chrome 80|Web Browser|Computer|Common
Mozilla/5.0 (X11; CrOS aarch64 12607.58.0) AppleWebKit/537.36 (KHTML, like Gecko) Chrome/79.0.3945.86 Safari/537.36|Chrome 79|Web Browser|Computer|Common
Mozilla/5.0 (X11; CrOS x86_64 12239.92.2) AppleWebKit/537.36 (KHTML, like Gecko) Chrome/76.0.3809.136 Safari/537.36|Chrome 76|Web Browser|Computer|Common
Mozilla/5.0 (X11; CrOS x86_64 10452.85.0) AppleWebKit/537.36 (KHTML, like Gecko) Chrome/66.0.3359.158 Safari/537.36|Chrome 66|Web Browser|Computer|Common
Mozilla/5.0 (X11; CrOS aarch64 13310.59.0) AppleWebKit/537.36 (KHTML, like Gecko) Chrome/85.0.4183.84 Safari/537.36|Chrome 85|Web Browser|Computer|Common
Mozilla/5.0 (X11; CrOS x86_64 8350.68.0) AppleWebKit/537.36 (KHTML, like Gecko) Chrome/52.0.2743.116 Safari/537.36|Chrome 52|Web Browser|Computer|Common
Mozilla/5.0 (X11; CrOS x86_64 9765.85.0) AppleWebKit/537.36 (KHTML, like Gecko) Chrome/61.0.3163.123 Safari/537.36|Chrome 61|Web Browser|Computer|Common
Mozilla/5.0 (X11; CrOS x86_64 12371.75.1) AppleWebKit/537.36 (KHTML, like Gecko) Chrome/77.0.3865.105 Safari/537.36|Chrome 77|Web Browser|Computer|Common
Mozilla/5.0 (X11; CrOS x86_64 9000.91.0) AppleWebKit/537.36 (KHTML, like Gecko) Chrome/56.0.2924.110 Safari/537.36|Chrome 56|Web Browser|Computer|Common
Mozilla/5.0 (X11; CrOS armv7l 10575.58.0) AppleWebKit/537.36 (KHTML, like Gecko) Chrome/67.0.3396.99 Safari/537.36|Chrome 67|Web Browser|Computer|Common
Mozilla/5.0 (X11; CrOS aarch64 12871.76.0) AppleWebKit/537.36 (KHTML, like Gecko) Chrome/81.0.4044.103 Safari/537.36|Chrome 81|Web Browser|Computer|Common
Mozilla/5.0 (X11; CrOS x86_64 9901.66.0) AppleWebKit/537.36 (KHTML, like Gecko) Chrome/62.0.3202.82 Safari/537.36|Chrome 62|Web Browser|Computer|Common
Mozilla/5.0 (X11; CrOS x86_64 10032.75.0) AppleWebKit/537.36 (KHTML, like Gecko) Chrome/63.0.3239.116 Safari/537.36|Chrome 63|Web Browser|Computer|Common
Mozilla/5.0 (X11; CrOS x86_64 9202.64.0) AppleWebKit/537.36 (KHTML, like Gecko) Chrome/57.0.2987.146 Safari/537.36|Chrome 57|Web Browser|Computer|Common
Mozilla/5.0 (X11; CrOS x86_64 12371.75.2) AppleWebKit/537.36 (KHTML, like Gecko) Chrome/77.0.3865.105 Safari/537.36|Chrome 77|Web Browser|Computer|Common
Mozilla/5.0 (X11; CrOS aarch64 12105.100.0) AppleWebKit/537.36 (KHTML, like Gecko) Chrome/75.0.3770.144 Safari/537.36|Chrome 75|Web Browser|Computer|Common
Mozilla/5.0 (X11; CrOS x86_64 11316.148.0) AppleWebKit/537.36 (KHTML, like Gecko) Chrome/72.0.3626.117 Safari/537.36|Chrome 72|Web Browser|Computer|Common
Mozilla/5.0 (X11; CrOS x86_64 8872.76.0) AppleWebKit/537.36 (KHTML, like Gecko) Chrome/55.0.2883.105 Safari/537.36|Chrome 55|Web Browser|Computer|Common
Mozilla/5.0 (X11; CrOS aarch64 12239.92.0) AppleWebKit/537.36 (KHTML, like Gecko) Chrome/76.0.3809.136 Safari/537.36|Chrome 76|Web Browser|Computer|Common
Mozilla/5.0 (X11; CrOS x86_64 8743.83.0) AppleWebKit/537.36 (KHTML, like Gecko) Chrome/54.0.2840.93 Safari/537.36|Chrome 54|Web Browser|Computer|Common
Mozilla/5.0 (X11; CrOS x86_64 8530.96.0) AppleWebKit/537.36 (KHTML, like Gecko) Chrome/53.0.2785.154 Safari/537.36|Chrome 53|Web Browser|Computer|Common
Mozilla/5.0 (X11; CrOS x86_64 10452.96.0) AppleWebKit/537.36 (KHTML, like Gecko) Chrome/66.0.3359.181 Safari/537.36|Chrome 66|Web Browser|Computer|Common
Mozilla/5.0 (X11; CrOS x86_64 10575.55.0) AppleWebKit/537.36 (KHTML, like Gecko) Chrome/67.0.3396.87 Safari/537.36|Chrome 67|Web Browser|Computer|Common
Mozilla/5.0 (X11; CrOS aarch64 12739.105.0) AppleWebKit/537.36 (KHTML, like Gecko) Chrome/80.0.3987.158 Safari/537.36|Chrome 80|Web Browser|Computer|Common
Mozilla/5.0 (X11; CrOS x86_64 12371.75.3) AppleWebKit/537.36 (KHTML, like Gecko) Chrome/77.0.3865.105 Safari/537.36|Chrome 77|Web Browser|Computer|Common
Mozilla/5.0 (X11; CrOS aarch64 12871.91.0) AppleWebKit/537.36 (KHTML, like Gecko) Chrome/81.0.4044.127 Safari/537.36|Chrome 81|Web Browser|Computer|Common
Mozilla/5.0 (X11; CrOS x86_64 8743.85.0) AppleWebKit/537.36 (KHTML, like Gecko) Chrome/54.0.2840.101 Safari/537.36|Chrome 54|Web Browser|Computer|Common
Mozilla/5.0 (X11; CrOS x86_64 9460.73.1) AppleWebKit/537.36 (KHTML, like Gecko) Chrome/59.0.3071.134 Safari/537.36|Chrome 59|Web Browser|Computer|Common
Mozilla/5.0 (X11; CrOS x86_64 9460.60.0) AppleWebKit/537.36 (KHTML, like Gecko) Chrome/59.0.3071.91 Safari/537.36|Chrome 59|Web Browser|Computer|Common
Mozilla/5.0 (X11; CrOS armv7l 11895.118.0) AppleWebKit/537.36 (KHTML, like Gecko) Chrome/74.0.3729.159 Safari/537.36|Chrome 74|Web Browser|Computer|Common
Mozilla/5.0 (X11; CrOS aarch64 13020.67.0) AppleWebKit/537.36 (KHTML, like Gecko) Chrome/83.0.4103.97 Safari/537.36|Chrome 83|Web Browser|Computer|Common
Mozilla/5.0 (X11; CrOS armv7l 12871.102.0) AppleWebKit/537.36 (KHTML, like Gecko) Chrome/81.0.4044.141 Safari/537.36|Chrome 81|Web Browser|Computer|Average
Mozilla/5.0 (X11; CrOS armv7l 12607.81.0) AppleWebKit/537.36 (KHTML, like Gecko) Chrome/79.0.3945.119 Safari/537.36|Chrome 79|Web Browser|Computer|Average
Mozilla/5.0 (X11; CrOS x86_64 13020.97.0) AppleWebKit/537.36 (KHTML, like Gecko) Chrome/83.0.4103.122 Safari/537.36|Chrome 83|Web Browser|Computer|Average
Mozilla/5.0 (X11; CrOS aarch64 11647.154.0) AppleWebKit/537.36 (KHTML, like Gecko) Chrome/73.0.3683.114 Safari/537.36|Chrome 73|Web Browser|Computer|Average
Mozilla/5.0 (X11; CrOS x86_64 12371.65.0) AppleWebKit/537.36 (KHTML, like Gecko) Chrome/77.0.3865.93 Safari/537.36|Chrome 77|Web Browser|Computer|Average
Mozilla/5.0 (X11; CrOS armv7l 8530.96.0) AppleWebKit/537.36 (KHTML, like Gecko) Chrome/53.0.2785.154 Safari/537.36|Chrome 53|Web Browser|Computer|Average
Mozilla/5.0 (X11; CrOS x86_64 12239.2.0) AppleWebKit/537.36 (KHTML, like Gecko) Chrome/76.0.3809.121 Safari/537.36|Chrome 76|Web Browser|Computer|Average
Mozilla/5.0 (X11; CrOS x86_64 7077.134.0) AppleWebKit/537.36 (KHTML, like Gecko) Chrome/44.0.2403.156 Safari/537.36|Chrome 44|Web Browser|Computer|Average
Mozilla/5.0 (X11; CrOS armv7l 10176.68.0) AppleWebKit/537.36 (KHTML, like Gecko) Chrome/64.0.3282.144 Safari/537.36|Chrome 64|Web Browser|Computer|Average
Mozilla/5.0 (X11; CrOS armv7l 11316.165.0) AppleWebKit/537.36 (KHTML, like Gecko) Chrome/72.0.3626.122 Safari/537.36|Chrome 72|Web Browser|Computer|Average
Mozilla/5.0 (X11; CrOS aarch64 12105.90.0) AppleWebKit/537.36 (KHTML, like Gecko) Chrome/75.0.3770.129 Safari/537.36|Chrome 75|Web Browser|Computer|Average
Mozilla/5.0 (X11; CrOS x86_64 7520.67.0) AppleWebKit/537.36 (KHTML, like Gecko) Chrome/47.0.2526.110 Safari/537.36|Chrome 47|Web Browser|Computer|Average
Mozilla/5.0 (X11; CrOS x86_64 8530.93.0) AppleWebKit/537.36 (KHTML, like Gecko) Chrome/53.0.2785.144 Safari/537.36|Chrome 53|Web Browser|Computer|Average
Mozilla/5.0 (X11; CrOS x86_64 8172.47.0) AppleWebKit/537.36 (KHTML, like Gecko) Chrome/51.0.2704.79 Safari/537.36|Chrome 51|Web Browser|Computer|Average
Mozilla/5.0 (X11; CrOS x86_64 7390.61.0) AppleWebKit/537.36 (KHTML, like Gecko) Chrome/46.0.2490.71 Safari/537.36|Chrome 46|Web Browser|Computer|Average
Mozilla/5.0 (X11; CrOS i686 3912.101.0) AppleWebKit/537.36 (KHTML, like Gecko) Chrome/27.0.1453.116 Safari/537.36|Chrome 27|Web Browser|Computer|Average
Mozilla/5.0 (X11; CrOS aarch64 12105.75.0) AppleWebKit/537.36 (KHTML, like Gecko) Chrome/75.0.3770.102 Safari/537.36|Chrome 75|Web Browser|Computer|Average
Mozilla/5.0 (X11; CrOS armv7l 7520.67.0) AppleWebKit/537.36 (KHTML, like Gecko) Chrome/47.0.2526.110 Safari/537.36|Chrome 47|Web Browser|Computer|Average
Mozilla/5.0 (X11; CrOS x86_64 12371.89.3) AppleWebKit/537.36 (KHTML, like Gecko) Chrome/77.0.3865.120 Safari/537.36|Chrome 77|Web Browser|Computer|Average
Mozilla/5.0 (X11; CrOS x86_64 8172.56.0) AppleWebKit/537.36 (KHTML, like Gecko) Chrome/51.0.2704.103 Safari/537.36|Chrome 51|Web Browser|Computer|Average
Mozilla/5.0 (X11; CrOS x86_64 10575.58.0) AppleWebKit/537.36 (KHTML, like Gecko) Chrome/67.0.3396.101 Safari/537.36|Chrome 67|Web Browser|Computer|Average
Mozilla/5.0 (X11; CrOS armv7l 12607.82.0) AppleWebKit/537.36 (KHTML, like Gecko) Chrome/79.0.3945.123 Safari/537.36|Chrome 79|Web Browser|Computer|Average
Mozilla/5.0 (X11; CrOS x86_64 7834.66.0) AppleWebKit/537.36 (KHTML, like Gecko) Chrome/49.0.2623.111 Safari/537.36|Chrome 49|Web Browser|Computer|Average
Mozilla/5.0 (X11; CrOS armv7l 7390.68.0) AppleWebKit/537.36 (KHTML, like Gecko) Chrome/46.0.2490.82 Safari/537.36|Chrome 46|Web Browser|Computer|Average
Mozilla/5.0 (X11; CrOS armv7l 8872.76.0) AppleWebKit/537.36 (KHTML, like Gecko) Chrome/55.0.2883.105 Safari/537.36|Chrome 55|Web Browser|Computer|Average
Mozilla/5.0 (X11; CrOS armv7l 13020.87.0) AppleWebKit/537.36 (KHTML, like Gecko) Chrome/83.0.4103.119 Safari/537.36|Chrome 83|Web Browser|Computer|Average
Mozilla/5.0 (X11; CrOS x86_64 9334.69.0) AppleWebKit/537.36 (KHTML, like Gecko) Chrome/58.0.3029.112 Safari/537.36|Chrome 58|Web Browser|Computer|Average
Mozilla/5.0 (X11; CrOS x86_64 7262.52.0) AppleWebKit/537.36 (KHTML, like Gecko) Chrome/45.0.2454.86 Safari/537.36|Chrome 45|Web Browser|Computer|Average
Mozilla/5.0 (X11; CrOS armv7l 8350.68.0) AppleWebKit/537.36 (KHTML, like Gecko) Chrome/52.0.2743.116 Safari/537.36|Chrome 52|Web Browser|Computer|Average
Mozilla/5.0 (X11; CrOS x86_64 8172.45.0) AppleWebKit/537.36 (KHTML, like Gecko) Chrome/51.0.2704.64 Safari/537.36|Chrome 51|Web Browser|Computer|Average
Mozilla/5.0 (X11; CrOS x86_64 7647.73.0) AppleWebKit/537.36 (KHTML, like Gecko) Chrome/48.0.2564.92 Safari/537.36|Chrome 48|Web Browser|Computer|Average
Mozilla/5.0 (X11; CrOS armv7l 12499.51.0) AppleWebKit/537.36 (KHTML, like Gecko) Chrome/78.0.3904.92 Safari/537.36|Chrome 78|Web Browser|Computer|Average
Mozilla/5.0 (X11; CrOS x86_64 12239.19.0) AppleWebKit/537.36 (KHTML, like Gecko) Chrome/76.0.3809.38 Safari/537.36|Chrome 76|Web Browser|Computer|Average
Mozilla/5.0 (X11; CrOS x86_64 11316.6.0) AppleWebKit/537.36 (KHTML, like Gecko) Chrome/72.0.3626.83 Safari/537.36|Chrome 72|Web Browser|Computer|Average
Mozilla/5.0 (X11; CrOS armv7l 13099.85.0) AppleWebKit/537.36 (KHTML, like Gecko) Chrome/84.0.4147.110 Safari/537.36|Chrome 84|Web Browser|Computer|Average
Mozilla/5.0 (X11; CrOS x86_64 7520.63.0) AppleWebKit/537.36 (KHTML, like Gecko) Chrome/47.0.2526.106 Safari/537.36|Chrome 47|Web Browser|Computer|Average
Mozilla/5.0 (X11; CrOS armv7l 11647.154.0) AppleWebKit/537.36 (KHTML, like Gecko) Chrome/73.0.3683.114 Safari/537.36|Chrome 73|Web Browser|Computer|Average
Mozilla/5.0 (X11; CrOS armv7l 12871.76.0) AppleWebKit/537.36 (KHTML, like Gecko) Chrome/81.0.4044.103 Safari/537.36|Chrome 81|Web Browser|Computer|Average
Mozilla/5.0 (X11; CrOS aarch64 13310.91.0) AppleWebKit/537.36 (KHTML, like Gecko) Chrome/85.0.4183.131 Safari/537.36|Chrome 85|Web Browser|Computer|Average
Mozilla/5.0 (X11; CrOS armv7l 9334.72.0) AppleWebKit/537.36 (KHTML, like Gecko) Chrome/58.0.3029.140 Safari/537.36|Chrome 58|Web Browser|Computer|Average
Mozilla/5.0 (X11; CrOS armv7l 12371.75.1) AppleWebKit/537.36 (KHTML, like Gecko) Chrome/77.0.3865.105 Safari/537.36|Chrome 77|Web Browser|Computer|Average
Mozilla/5.0 (X11; CrOS aarch64 11895.95.0) AppleWebKit/537.36 (KHTML, like Gecko) Chrome/74.0.3729.125 Safari/537.36|Chrome 74|Web Browser|Computer|Average
Mozilla/5.0 (X11; CrOS x86_64 12871.48.0) AppleWebKit/537.36 (KHTML, like Gecko) Chrome/81.0.4044.72 Safari/537.36|Chrome 81|Web Browser|Computer|Average
Mozilla/5.0 (X11; CrOS x86_64 7834.60.0) AppleWebKit/537.36 (KHTML, like Gecko) Chrome/49.0.2623.95 Safari/537.36|Chrome 49|Web Browser|Computer|Average
Mozilla/5.0 (X11; CrOS armv7l 7647.84.0) AppleWebKit/537.36 (KHTML, like Gecko) Chrome/48.0.2564.116 Safari/537.36|Chrome 48|Web Browser|Computer|Average
Mozilla/5.0 (X11; CrOS x86_64 9592.71.0) AppleWebKit/537.36 (KHTML, like Gecko) Chrome/60.0.3112.80 Safari/537.36|Chrome 60|Web Browser|Computer|Average
Mozilla/5.0 (X11; CrOS armv7l 10032.86.0) AppleWebKit/537.36 (KHTML, like Gecko) Chrome/63.0.3239.140 Safari/537.36|Chrome 63|Web Browser|Computer|Average
Mozilla/5.0 (X11; CrOS armv7l 9901.77.0) AppleWebKit/537.36 (KHTML, like Gecko) Chrome/62.0.3202.97 Safari/537.36|Chrome 62|Web Browser|Computer|Average
Mozilla/5.0 (X11; CrOS aarch64 11021.81.0) AppleWebKit/537.36 (KHTML, like Gecko) Chrome/70.0.3538.110 Safari/537.36|Chrome 70|Web Browser|Computer|Average
Mozilla/5.0 (X11; CrOS armv7l 12105.100.0) AppleWebKit/537.36 (KHTML; like Gecko) Chrome/75.0.3770.144 Safari/537.36|Chrome 75|Web Browser|Computer|Average
Mozilla/5.0 (X11; CrOS armv7l 8172.56.0) AppleWebKit/537.36 (KHTML, like Gecko) Chrome/51.0.2704.103 Safari/537.36|Chrome 51|Web Browser|Computer|Uncommon
Mozilla/5.0 (X11; CrOS i686 13.587.48) AppleWebKit/535.1 (KHTML, like Gecko) Chrome/13.0.782.43 Safari/535.1|Chrome 13|Web Browser|Computer|Uncommon
Mozilla/5.0 (X11; CrOS x86_64 11151.17.0) AppleWebKit/537.36 (KHTML, like Gecko) Chrome/71.0.3578.27 Safari/537.36|Chrome 71|Web Browser|Computer|Uncommon
Mozilla/5.0 (X11; CrOS x86_64 6457.107.0) AppleWebKit/537.36 (KHTML, like Gecko) Chrome/40.0.2214.115 Safari/537.36|Chrome 40|Web Browser|Computer|Uncommon
Mozilla/5.0 (X11; CrOS aarch64 13020.87.0) AppleWebKit/537.36 (KHTML; like Gecko) Chrome/83.0.4103.119 Safari/537.36|Chrome 83|Web Browser|Computer|Uncommon
Mozilla/5.0 (X11; CrOS i686 0.13.587) AppleWebKit/535.1 (KHTML, like Gecko) Chrome/13.0.782.14 Safari/535.1|Chrome 13|Web Browser|Computer|Uncommon
Mozilla/5.0 (X11; CrOS x86_64 13020.67.4) AppleWebKit/537.36 (KHTML, like Gecko) Chrome/83.0.4103.97 Safari/537.36|Chrome 83|Web Browser|Computer|Uncommon
Mozilla/5.0 (X11; CrOS armv7l 9334.58.0) AppleWebKit/537.36 (KHTML, like Gecko) Chrome/58.0.3029.89 Safari/537.36|Chrome 58|Web Browser|Computer|Uncommon
Mozilla/5.0 (X11; CrOS x86_64 13421.17.0) AppleWebKit/537.36 (KHTML, like Gecko) Chrome/86.0.4240.15 Safari/537.36|Chrome 86|Web Browser|Computer|Uncommon
Mozilla/5.0 (X11; CrOS x86_64 12997.0.0) AppleWebKit/537.36 (KHTML, like Gecko) Chrome/83.0.4091.0 Safari/537.36|Chrome 83|Web Browser|Computer|Uncommon
Mozilla/5.0 (X11; CrOS aarch64 12871.102.0) AppleWebKit/537.36 (KHTML; like Gecko) Chrome/81.0.4044.141 Safari/537.36|Chrome 81|Web Browser|Computer|Uncommon
Mozilla/5.0 (X11; CrOS x86_64 11647.104.3) AppleWebKit/537.36 (KHTML, like Gecko) Chrome/73.0.3683.88 Safari/537.36|Chrome 73|Web Browser|Computer|Uncommon
Mozilla/5.0 (X11; CrOS armv7l 6946.86.0) AppleWebKit/537.36 (KHTML, like Gecko) Chrome/43.0.2357.134 Safari/537.36|Chrome 43|Web Browser|Computer|Uncommon
Mozilla/5.0 (X11; CrOS x86_64 10575.58.0) AppleWebKit/537.36 (KHTML; like Gecko) Chrome/67.0.3396.99 Safari/537.36|Chrome 67|Web Browser|Computer|Uncommon
Mozilla/5.0 (X11; CrOS x86_64 12739.12.0) AppleWebKit/537.36 (KHTML, like Gecko) Chrome/80.0.3987.18 Safari/537.36|Chrome 80|Web Browser|Computer|Uncommon
Mozilla/5.0 (X11; CrOS i686 5978.98.1) AppleWebKit/537.36 (KHTML, like Gecko) Chrome/37.0.2062.120 Safari/537.36|Chrome 37|Web Browser|Computer|Uncommon
Mozilla/5.0 (X11; CrOS x86_64 12105.42.0) AppleWebKit/537.36 (KHTML, like Gecko) Chrome/75.0.3770.42 Safari/537.36|Chrome 75|Web Browser|Computer|Uncommon
Mozilla/5.0 (X11; CrOS x86_64 13020.8.0) AppleWebKit/537.36 (KHTML, like Gecko) Chrome/83.0.4103.6 Safari/537.36|Chrome 83|Web Browser|Computer|Uncommon
Mozilla/5.0 (X11; CrOS x86_64 10895.56.1) AppleWebKit/537.36 (KHTML, like Gecko) Chrome/69.0.3497.95 Safari/537.36|Chrome 69|Web Browser|Computer|Uncommon
Mozilla/5.0 (X11; CrOS x86_64 CrOS 12974.2.0) AppleWebKit/537.36 (KHTML, like Gecko) Chrome/82.0.4085.6 Safari/537.36|Chrome 82|Web Browser|Computer|Uncommon
Mozilla/5.0 (X11; CrOS x86_64 13380.0.0) AppleWebKit/537.36 (KHTML, like Gecko) Chrome/86.0.4217.0 Safari/537.36|Chrome 86|Web Browser|Computer|Uncommon
Mozilla/5.0 (X11; CrOS aarch64 10323.67.0) AppleWebKit/537.36 (KHTML, like Gecko) Chrome/65.0.3325.209 Safari/537.36|Chrome 65|Web Browser|Computer|Uncommon
Mozilla/5.0 (X11; CrOS i686 1193.158.0) AppleWebKit/535.7 (KHTML, like Gecko) Chrome/16.0.912.75 Safari/535.7|Chrome 16|Web Browser|Computer|Uncommon
Mozilla/5.0 (X11; CrOS x86_64 9202.66.0) AppleWebKit/537.36 (KHTML, like Gecko) Chrome/57.0.2987.148 Safari/537.36|Chrome 57|Web Browser|Computer|Uncommon
Mozilla/5.0 (X11; CrOS armv7l 12739.87.0) AppleWebKit/537.36 (KHTML, like Gecko) Chrome/80.0.3987.128 Safari/537.36|Chrome 80|Web Browser|Computer|Uncommon
Mozilla/5.0 (X11; CrOS aarch64 10895.56.0) AppleWebKit/537.36 (KHTML, like Gecko) Chrome/69.0.3497.95 Safari/537.36|Chrome 69|Web Browser|Computer|Uncommon
Mozilla/5.0 (X11; CrOS armv7l 5712.88.0) AppleWebKit/537.36 (KHTML, like Gecko) Chrome/35.0.1916.155 Safari/537.36|Chrome 35|Web Browser|Computer|Uncommon
Mozilla/5.0 (X11; CrOS armv7l 10176.72.0) AppleWebKit/537.36 (KHTML, like Gecko) Chrome/64.0.3282.167 Safari/537.36|Chrome 64|Web Browser|Computer|Uncommon
Mozilla/5.0 (X11; CrOS aarch64 8350.77.0) AppleWebKit/537.36 (KHTML, like Gecko) Chrome/52.0.2743.117 Safari/537.36|Chrome 52|Web Browser|Computer|Uncommon
Mozilla/5.0 (X11; CrOS x86_64 11895.118.1) AppleWebKit/537.36 (KHTML; like Gecko) Chrome/74.0.3729.159 Safari/537.36|Chrome 74|Web Browser|Computer|Uncommon
Mozilla/5.0 (X11; CrOS x86_64 8350.79.0) AppleWebKit/537.36 (KHTML, like Gecko) Chrome/52.0.2743.120 Safari/537.36|Chrome 52|Web Browser|Computer|Uncommon
Mozilla/5.0 (X11; CrOS i686 0.13.507) AppleWebKit/534.35 (KHTML, like Gecko) Chrome/13.0.763.0 Safari/534.35|Chrome 13|Web Browser|Computer|Uncommon
Mozilla/5.0 (X11; CrOS x86_64 11151.61.0) AppleWebKit/537.36 (KHTML, like Gecko) Chrome/71.0.3578.98 Safari/537.36|Chrome 71|Web Browser|Computer|Uncommon
Mozilla/5.0 (X11; CrOS x86_64 12598.0.0) AppleWebKit/537.36 (KHTML, like Gecko) Chrome/79.0.3940.0 Safari/537.36|Chrome 79|Web Browser|Computer|Uncommon
Mozilla/5.0 (X11; CrOS x86_64 10176.22.0) AppleWebKit/537.36 (KHTML, like Gecko) Chrome/64.0.3282.41 Safari/537.36|Chrome 64|Web Browser|Computer|Uncommon
Mozilla/5.0 (X11; CrOS x86_64 6680.58.0) AppleWebKit/537.36 (KHTML, like Gecko) Chrome/41.0.2272.76 Safari/537.36|Chrome 41|Web Browser|Computer|Uncommon
Mozilla/5.0 (X11; CrOS armv7l 6680.78.0) AppleWebKit/537.36 (KHTML, like Gecko) Chrome/41.0.2272.102 Safari/537.36|Chrome 41|Web Browser|Computer|Uncommon
Mozilla/5.0 (X11; CrOS x86_64 13099.72.0) AppleWebKit/537.36 (KHTML; like Gecko) Chrome/84.0.4147.94 Safari/537.36|Chrome 84|Web Browser|Computer|Uncommon
Mozilla/5.0 (X11; CrOS x86_64 10323.62.1) AppleWebKit/537.36 (KHTML, like Gecko) Chrome/65.0.3325.184 Safari/537.36|Chrome 65|Web Browser|Computer|Uncommon
Mozilla/5.0 (X11; CrOS aarch64 12739.111.0) AppleWebKit/537.36 (KHTML; like Gecko) Chrome/80.0.3987.162 Safari/537.36|Chrome 80|Web Browser|Computer|Uncommon
Mozilla/5.0 (X11; CrOS armv7l 9460.67.0) AppleWebKit/537.36 (KHTML, like Gecko) Chrome/59.0.3071.113 Safari/537.36|Chrome 59|Web Browser|Computer|Uncommon
Mozilla/5.0 (X11; CrOS x86_64 1.33.83 CSOS/release) AppleWebKit/537.36 (KHTML, like Gecko) Chrome/74.0.3729.181 Safari/537.36|Chrome 74|Web Browser|Computer|Uncommon
Mozilla/5.0 (X11; CrOS x86_64 11021.56.0) AppleWebKit/537.36 (KHTML; like Gecko) Chrome/70.0.3538.76 Safari/537.36|Chrome 70|Web Browser|Computer|Uncommon
Mozilla/5.0 (X11; CrOS x86_64 12499.73.0) AppleWebKit/537.36 (KHTML; like Gecko) Chrome/78.0.3904.113 Safari/537.36|Chrome 78|Web Browser|Computer|Uncommon
Mozilla/5.0 (X11; CrOS x86_64 12371.65.5) AppleWebKit/537.36 (KHTML, like Gecko) Chrome/77.0.3865.93 Safari/537.36|Chrome 77|Web Browser|Computer|Uncommon
Mozilla/5.0 (X11; CrOS armv7l 8172.47.0) AppleWebKit/537.36 (KHTML, like Gecko) Chrome/51.0.2704.79 Safari/537.36|Chrome 51|Web Browser|Computer|Uncommon
Mozilla/5.0 (X11; CrOS x86_64 10895.21.0) AppleWebKit/537.36 (KHTML, like Gecko) Chrome/69.0.3497.35 Safari/537.36|Chrome 69|Web Browser|Computer|Uncommon
Mozilla/5.0 (X11; CrOS x86_64 12371.89.1) AppleWebKit/537.36 (KHTML; like Gecko) Chrome/77.0.3865.120 Safari/537.36|Chrome 77|Web Browser|Computer|Uncommon
Mozilla/5.0 (X11; CrOS aarch64 11895.118.0) AppleWebKit/537.36 (KHTML; like Gecko) Chrome/74.0.3729.159 Safari/537.36|Chrome 74|Web Browser|Computer|Uncommon
Mozilla/5.0 (X11; CrOS x86_64 12607.16.0) AppleWebKit/537.36 (KHTML, like Gecko) Chrome/79.0.3945.24 Safari/537.36|Chrome 79|Web Browser|Computer|Uncommon
Mozilla/5.0 (X11; CrOS x86_64 12371.65.5) AppleWebKit/537.36 (KHTML, like Gecko) Chrome/77.0.3865.93 Safari/537.36|Chrome 77|Web Browser|Computer|Uncommon
Mozilla/5.0 (X11; CrOS x86_64 13099.72.0) AppleWebKit/537.36 (KHTML; like Gecko) Chrome/84.0.4147.94 Safari/537.36|Chrome 84|Web Browser|Computer|Uncommon
Mozilla/5.0 (X11; CrOS x86_64 5500.130.0) AppleWebKit/537.36 (KHTML, like Gecko) Chrome/34.0.1847.134 Safari/537.36|Chrome 34|Web Browser|Computer|Uncommon
Mozilla/5.0 (X11; CrOS aarch64 9460.57.0) AppleWebKit/537.36 (KHTML, like Gecko) Chrome/59.0.3071.82 Safari/537.36|Chrome 59|Web Browser|Computer|Uncommon
Mozilla/5.0 (X11; CrOS x86_64 12871.7.0) AppleWebKit/537.36 (KHTML, like Gecko) Chrome/81.0.4044.15 Safari/537.36|Chrome 81|Web Browser|Computer|Uncommon
Mozilla/5.0 (X11; CrOS x86_64 12105.11.0) AppleWebKit/537.36 (KHTML, like Gecko) Chrome/75.0.3770.10 Safari/537.36|Chrome 75|Web Browser|Computer|Uncommon
Mozilla/5.0 (X11; CrOS x86_64 12871.67.0) AppleWebKit/537.36 (KHTML; like Gecko) Chrome/81.0.4044.94 Safari/537.36|Chrome 81|Web Browser|Computer|Uncommon
Mozilla/5.0 (X11; CrOS x86_64 12739.71.6) AppleWebKit/537.36 (KHTML, like Gecko) Chrome/80.0.3987.102 Safari/537.36|Chrome 80|Web Browser|Computer|Uncommon
Mozilla/5.0 (X11; CrOS aarch64 12871.91.0) AppleWebKit/537.36 (KHTML; like Gecko) Chrome/81.0.4044.127 Safari/537.36|Chrome 81|Web Browser|Computer|Uncommon
Mozilla/5.0 (X11; CrOS aarch64 11647.104.0) AppleWebKit/537.36 (KHTML; like Gecko) Chrome/73.0.3683.88 Safari/537.36|Chrome 73|Web Browser|Computer|Uncommon
Mozilla/5.0 (X11; CrOS x86_64 9000.15.0) AppleWebKit/537.36 (KHTML, like Gecko) Chrome/56.0.2924.12 Safari/537.36|Chrome 56|Web Browser|Computer|Uncommon
Mozilla/5.0 (X11; CrOS aarch64 11316.148.0) AppleWebKit/537.36 (KHTML, like Gecko) Chrome/72.0.3626.117 Safari/537.36|Chrome 72|Web Browser|Computer|Uncommon
Mozilla/5.0 (X11; CrOS aarch64 12105.100.0) AppleWebKit/537.36 (KHTML; like Gecko) Chrome/75.0.3770.144 Safari/537.36|Chrome 75|Web Browser|Computer|Uncommon
Mozilla/5.0 (X11; CrOS x86_64 13310.24.0) AppleWebKit/537.36 (KHTML, like Gecko) Chrome/85.0.4183.34 Safari/537.36|Chrome 85|Web Browser|Computer|Uncommon
Mozilla/5.0 (X11; CrOS x86_64 6812.75.5) AppleWebKit/537.36 (KHTML, like Gecko) Chrome/42.0.2311.87 Safari/537.36|Chrome 42|Web Browser|Computer|Uncommon
Mozilla/5.0 (X11; U; CrOS i686 0.13.507; Trident/7.0; rv:11.0) like Gecko|Internet Explorer 11|Web Browser|Computer|Uncommon
Mozilla/5.0 (X11; CrOS x86_64 11895.35.0) AppleWebKit/537.36 (KHTML, like Gecko) Chrome/74.0.3729.38 Safari/537.36|Chrome 74|Web Browser|Computer|Uncommon
Mozilla/5.0 (X11; CrOS x86_64 10452.100.0) AppleWebKit/537.36 (KHTML, like Gecko) Chrome/66.0.3359.203 Safari/537.36|Chrome 66|Web Browser|Computer|Uncommon
Mozilla/5.0 (X11; CrOS x86_64 7077.95.0) AppleWebKit/537.36 (KHTML, like Gecko) Chrome/44.0.2403.90 Safari/537.36|Chrome 44|Web Browser|Computer|Uncommon
Mozilla/5.0 (X11; CrOS aarch64 12607.58.0) AppleWebKit/537.36 (KHTML; like Gecko) Chrome/79.0.3945.86 Safari/537.36|Chrome 79|Web Browser|Computer|Uncommon
Mozilla/5.0 (X11; CrOS x86_64 12828.0.0) AppleWebKit/537.36 (KHTML, like Gecko) Chrome/81.0.4025.0 Safari/537.36|Chrome 81|Web Browser|Computer|Uncommon
Mozilla/5.0 (X11; CrOS i686 12239.2.0) AppleWebKit/537.36 (KHTML; like Gecko) Chrome/76.0.3809.121 Safari/537.36|Chrome 76|Web Browser|Computer|Uncommon
Mozilla/5.0 (X11; CrOS aarch64 12739.94.0) AppleWebKit/537.36 (KHTML; like Gecko) Chrome/80.0.3987.137 Safari/537.36|Chrome 80|Web Browser|Computer|Uncommon
Mozilla/5.0 (X11; CrOS aarch64 10176.76.0) AppleWebKit/537.36 (KHTML, like Gecko) Chrome/64.0.3282.190 Safari/537.36|Chrome 64|Web Browser|Computer|Uncommon
Mozilla/5.0 (X11; CrOS x86_64 6680.52.0) AppleWebKit/537.36 (KHTML, like Gecko) Chrome/41.0.2272.74 Safari/537.36|Chrome 41|Web Browser|Computer|Uncommon
Mozilla/5.0 (X11; CrOS x86_64 11895.21.0) AppleWebKit/537.36 (KHTML, like Gecko) Chrome/74.0.3729.132 Safari/537.36|Chrome 74|Web Browser|Computer|Uncommon
Mozilla/5.0 (X11; CrOS i686 12.433.109) AppleWebKit/534.30 (KHTML, like Gecko) Chrome/12.0.742.93 Safari/534.30|Chrome 12|Web Browser|Computer|Uncommon
Mozilla/5.0 (X11; CrOS armv7l 11895.95.0) AppleWebKit/537.36 (KHTML, like Gecko) Chrome/83.0.4103.97 Safari/537.36|Chrome 83|Web Browser|Computer|Uncommon
Mozilla/5.0 (Linux; Android 7.1.1; Acer Chromebook 14 (CB3-431) Build/R79-12607.58.0; wv) AppleWebKit/537.36 (KHTML, like Gecko) Version/4.0 Chrome/79.0.3945.93 Safari/537.36|Chrome 79|Web Browser|Computer|Uncommon
Mozilla/5.0 (X11; CrOS x86_64 12739.4.0) AppleWebKit/537.36 (KHTML, like Gecko) Chrome/80.0.3987.0 Safari/537.36|Chrome 80|Web Browser|Computer|Uncommon
Mozilla/5.0 (X11; CrOS x86_64 12425.0.0) AppleWebKit/537.36 (KHTML, like Gecko) Chrome/78.0.3877.0 Safari/537.36|Chrome 78|Web Browser|Computer|Uncommon
Mozilla/5.0 (X11; CrOS x86_64 13042.0.0) AppleWebKit/537.36 (KHTML, like Gecko) Chrome/84.0.4114.0 Safari/537.36|Chrome 84|Web Browser|Computer|Uncommon
Mozilla/5.0 (X11; CrOS x86_64 7978.76.0) AppleWebKit/537.36 (KHTML, like Gecko) Chrome/50.0.2661.104 Safari/537.36|Chrome 50|Web Browser|Computer|Uncommon
Mozilla/5.0 (X11; CrOS aarch64 12871.76.0) AppleWebKit/537.36 (KHTML; like Gecko) Chrome/81.0.4044.103 Safari/537.36|Chrome 81|Web Browser|Computer|Uncommon
Mozilla/5.0 (X11; CrOS armv7l 12371.22.0) AppleWebKit/537.36 (KHTML, like Gecko) Chrome/77.0.3865.35 Safari/537.36|Chrome 77|Web Browser|Computer|Uncommon
Mozilla/5.0 (X11; CrOS x86_64 12607.9.0) AppleWebKit/537.36 (KHTML, like Gecko) Chrome/79.0.3945.13 Safari/537.36|Chrome 79|Web Browser|Computer|Uncommon
Mozilla/5.0 (X11; CrOS x86_64 12946.0.0) AppleWebKit/537.36 (KHTML, like Gecko) Chrome/82.0.4072.0 Safari/537.36|Chrome 82|Web Browser|Computer|Uncommon
Mozilla/5.0 (X11; CrOS aarch64 11647.104.1) AppleWebKit/537.36 (KHTML, like Gecko) Chrome/73.0.3683.88 Safari/537.36|Chrome 73|Web Browser|Computer|Uncommon
Mozilla/5.0 (X11; CrOS aarch64 12607.81.0) AppleWebKit/537.36 (KHTML, like Gecko) Chrome/79.0.3945.119 Safari/537.36|Chrome 79|Web Browser|Computer|Uncommon
Mozilla/5.0 (X11; CrOS x86_64 9765.85.0) AppleWebKit/537.36 (KHTML, like Gecko) Chrome/61.0.3163.140 Safari/537.36|Chrome 61|Web Browser|Computer|Uncommon
Mozilla/5.0 (X11; CrOS x86_64 8872.54.0) AppleWebKit/537.36 (KHTML, like Gecko) Chrome/55.0.2883.54 Safari/537.36|Chrome 55|Web Browser|Computer|Uncommon
Mozilla/5.0 (X11; CrOS aarch64 12739.105.0) AppleWebKit/537.36 (KHTML; like Gecko) Chrome/80.0.3987.158 Safari/537.36|Chrome 80|Web Browser|Computer|Uncommon
Mozilla/5.0 (X11; CrOS x86_64 11895.58.0) AppleWebKit/537.36 (KHTML, like Gecko) Chrome/74.0.3729.68 Safari/537.36|Chrome 74|Web Browser|Computer|Uncommon
Mozilla/5.0 (X11; CrOS aarch64 13020.67.0) AppleWebKit/537.36 (KHTML; like Gecko) Chrome/83.0.4103.97 Safari/537.36|Chrome 83|Web Browser|Computer|Uncommon
Mozilla/5.0 (X11; CrOS aarch64 9592.96.0) AppleWebKit/537.36 (KHTML, like Gecko) Chrome/60.0.3112.114 Safari/537.36|Chrome 60|Web Browser|Computer|Uncommon
Mozilla/5.0 (X11; CrOS aarch64 13020.82.0) AppleWebKit/537.36 (KHTML; like Gecko) Chrome/83.0.4103.112 Safari/537.36|Chrome 83|Web Browser|Computer|Uncommon
Mozilla/5.0 (X11; CrOS aarch64 9765.85.0) AppleWebKit/537.36 (KHTML, like Gecko) Chrome/61.0.3163.123 Safari/537.36|Chrome 61|Web Browser|Computer|Uncommon
Mozilla/5.0 (X11; CrOS x86_64 1.30.14 CSOS/release) AppleWebKit/537.36 (KHTML, like Gecko) Chrome/71.0.3578.139 Safari/537.36|Chrome 71|Web Browser|Computer|Uncommon
Mozilla/5.0 (X11; CrOS x86_64 13099.85.0) AppleWebKit/537.36 (KHTML; like Gecko) Chrome/84.0.4147.110 Safari/537.36|Chrome 84|Web Browser|Computer|Uncommon
Mozilla/5.0 (X11; CrOS x86_64 6812.83.0) AppleWebKit/537.36 (KHTML, like Gecko) Chrome/42.0.2311.134 Safari/537.36|Chrome 42|Web Browser|Computer|Uncommon
